id;street_address;postal_code;city;state_province
1;Secured Program;e program Alemanha;undefined Isis do Sul;Macio Ilhas
2;installation International generating;Chief;undefined Larissa de Nossa Senhora;Gold harness
3;neural;e-commerce Reverse-engineered Directives;undefined Fabiano do Sul;Turismo
4;coral;SCSI;undefined Davi Lucca do Norte;Fuerte Esportes
5;17(E.U.A.-17) Congelado Uzbequistão;analyzer;St. Louis;extend help-desk Cambridgeshire
6;Exclusive cutting-edge;compelling Beleza;Fabrícia do Descoberto;Principal mobile
7;infomediaries Groelândia Licenciado;Pará JBOD;Rebeca do Norte;Jóias Bacon
8;Licenciado Forward;connect Brinquedos Assurance;undefined Davi do Descoberto;blockchains
9;Refinado Holanda synthesize;digital withdrawal;Costa de Nossa Senhora;IB
10;Alameda;utilisation Avenida;Warner Robins;Bhutanese extensible
